{
  "$schema": "https://developer.microsoft.com/json-schemas/fabric/item/report/definition/visualContainer/2.4.0/schema.json",
  "name": "cda7caab068d050250c3",
  "position": {
    "x": 320,
    "y": 497,
    "z": 6,
    "height": 195,
    "width": 576,
    "tabOrder": 6
  },
  "visual": {
    "visualType": "gauge",
    "query": {
      "queryState": {
        "MaxValue": {
          "projections": [
            {
              "field": {
                "Measure": {
                  "Expression": {
                    "SourceRef": {
                      "Entity": "Sales"
                    }
                  },
                  "Property": "Max Delivery Time"
                }
              },
              "queryRef": "Sales.Max Delivery Time",
              "nativeQueryRef": "Max of Delivery Time",
              "displayName": "Max of Delivery Time"
            }
          ]
        },
        "MinValue": {
          "projections": [
            {
              "field": {
                "Measure": {
                  "Expression": {
                    "SourceRef": {
                      "Entity": "Sales"
                    }
                  },
                  "Property": "Min Delivery Time"
                }
              },
              "queryRef": "Sales.Min Delivery Time",
              "nativeQueryRef": "Min of Delivery Time",
              "displayName": "Min of Delivery Time"
            }
          ]
        },
        "Y": {
          "projections": [
            {
              "field": {
                "Measure": {
                  "Expression": {
                    "SourceRef": {
                      "Entity": "Sales"
                    }
                  },
                  "Property": "Average Delivery Time"
                }
              },
              "queryRef": "Sales.Average Delivery Time",
              "nativeQueryRef": "Average Delivery Time"
            }
          ]
        }
      },
      "sortDefinition": {
        "sort": [
          {
            "field": {
              "Measure": {
                "Expression": {
                  "SourceRef": {
                    "Entity": "Sales"
                  }
                },
                "Property": "Average Delivery Time"
              }
            },
            "direction": "Descending"
          }
        ],
        "isDefaultSort": true
      }
    },
    "drillFilterOtherVisuals": true
  }
}