{
  "version": "1.1.0",
  "diagrams": [
    {
      "ordinal": 0,
      "scrollPosition": {
        "x": 302,
        "y": 0
      },
      "nodes": [
        {
          "location": {
            "x": 0,
            "y": 0
          },
          "nodeIndex": "Customers",
          "nodeLineageTag": "d2cf9fd5-e855-4b01-9c8b-931bcaa17cc9",
          "size": {
            "height": 300,
            "width": 234
          },
          "zIndex": 0
        },
        {
          "location": {
            "x": 284,
            "y": 0
          },
          "nodeIndex": "Dates",
          "nodeLineageTag": "74c73f0e-8e47-4c90-9721-20790250f5bf",
          "size": {
            "height": 300,
            "width": 234
          },
          "zIndex": 0
        },
        {
          "location": {
            "x": 568,
            "y": 0
          },
          "nodeIndex": "Products",
          "nodeLineageTag": "1869d0b6-2e71-4f46-9c95-973a9d84123b",
          "size": {
            "height": 300,
            "width": 234
          },
          "zIndex": 0
        },
        {
          "location": {
            "x": 852,
            "y": 0
          },
          "nodeIndex": "Sales",
          "nodeLineageTag": "e127dfc6-141f-40b0-80ee-4f8561553cc4",
          "size": {
            "height": 300,
            "width": 234
          },
          "zIndex": 0
        }
      ],
      "name": "All tables",
      "zoomValue": 100,
      "pinKeyFieldsToTop": false,
      "showExtraHeaderInfo": false,
      "hideKeyFieldsWhenCollapsed": false,
      "tablesLocked": false
    }
  ],
  "selectedDiagram": "All tables",
  "defaultDiagram": "All tables"
}