{
  "$schema": "https://developer.microsoft.com/json-schemas/fabric/item/report/definition/visualContainer/2.4.0/schema.json",
  "name": "445d6add87653000d4e7",
  "position": {
    "x": 190.51458162142049,
    "y": 118.1190406052807,
    "z": 2,
    "height": 149.87147087551745,
    "width": 208.29594257275309,
    "tabOrder": 2
  },
  "visual": {
    "visualType": "card",
    "query": {
      "queryState": {
        "Values": {
          "projections": [
            {
              "field": {
                "Measure": {
                  "Expression": {
                    "SourceRef": {
                      "Entity": "Sales"
                    }
                  },
                  "Property": "Profit Margin"
                }
              },
              "queryRef": "Sales.Profit Margin",
              "nativeQueryRef": "Profit Margin",
              "format": "0.00%;-0.00%;0.00%"
            }
          ]
        }
      },
      "sortDefinition": {
        "sort": [
          {
            "field": {
              "Measure": {
                "Expression": {
                  "SourceRef": {
                    "Entity": "Sales"
                  }
                },
                "Property": "Profit Margin"
              }
            },
            "direction": "Descending"
          }
        ],
        "isDefaultSort": true
      }
    },
    "drillFilterOtherVisuals": true
  }
}