{
  "$schema": "https://developer.microsoft.com/json-schemas/fabric/item/report/definition/page/2.0.0/schema.json",
  "name": "604af2a7d8f1d67e50e4",
  "displayName": "KPIs",
  "displayOption": "FitToPage",
  "height": 720,
  "width": 1280,
  "objects": {
    "outspacePane": [
      {
        "properties": {
          "width": {
            "expr": {
              "Literal": {
                "Value": "389L"
              }
            }
          }
        }
      }
    ]
  }
}