{
  "$schema": "https://developer.microsoft.com/json-schemas/fabric/item/report/definition/visualContainer/2.4.0/schema.json",
  "name": "e9f843e02309d88d47ba",
  "position": {
    "x": 0,
    "y": 0,
    "z": 0,
    "height": 68.610864503593035,
    "width": 1280.2787316370459,
    "tabOrder": 0
  },
  "visual": {
    "visualType": "textbox",
    "objects": {
      "general": [
        {
          "properties": {
            "paragraphs": [
              {
                "textRuns": [
                  {
                    "value": "ECommerce Performance - ",
                    "textStyle": {
                      "fontWeight": "bold",
                      "fontFamily": "Times New Roman",
                      "fontSize": "36pt",
                      "color": "#12239e"
                    }
                  },
                  {
                    "value": "Customer & Product Segment",
                    "textStyle": {
                      "fontFamily": "Times New Roman",
                      "fontSize": "36pt",
                      "textDecoration": "underline",
                      "color": "#000000"
                    }
                  }
                ],
                "horizontalTextAlignment": "center"
              }
            ]
          }
        }
      ]
    },
    "drillFilterOtherVisuals": true
  }
}