{
  "$schema": "https://developer.microsoft.com/json-schemas/fabric/item/report/definition/visualContainer/2.4.0/schema.json",
  "name": "02ef8dafe8d102906a78",
  "position": {
    "x": 565.19325881021416,
    "y": 294.662552907797,
    "z": 3,
    "height": 149.87147087551745,
    "width": 208.29594257275309,
    "tabOrder": 3
  },
  "visual": {
    "visualType": "gauge",
    "query": {
      "queryState": {
        "MaxValue": {
          "projections": [
            {
              "field": {
                "Measure": {
                  "Expression": {
                    "SourceRef": {
                      "Entity": "Sales"
                    }
                  },
                  "Property": "Max Discount"
                }
              },
              "queryRef": "Sales.Max Discount",
              "nativeQueryRef": "Max of Discount",
              "displayName": "Max of Discount"
            }
          ]
        },
        "MinValue": {
          "projections": [
            {
              "field": {
                "Measure": {
                  "Expression": {
                    "SourceRef": {
                      "Entity": "Sales"
                    }
                  },
                  "Property": "Min Discount"
                }
              },
              "queryRef": "Sales.Min Discount",
              "nativeQueryRef": "Min of Discount",
              "displayName": "Min of Discount"
            }
          ]
        },
        "Y": {
          "projections": [
            {
              "field": {
                "Measure": {
                  "Expression": {
                    "SourceRef": {
                      "Entity": "Sales"
                    }
                  },
                  "Property": "Average Discount"
                }
              },
              "queryRef": "Sales.Average Discount",
              "nativeQueryRef": "Average Discount"
            }
          ]
        }
      },
      "sortDefinition": {
        "sort": [
          {
            "field": {
              "Measure": {
                "Expression": {
                  "SourceRef": {
                    "Entity": "Sales"
                  }
                },
                "Property": "Average Discount"
              }
            },
            "direction": "Descending"
          }
        ],
        "isDefaultSort": true
      }
    },
    "drillFilterOtherVisuals": true
  }
}