{
  "$schema": "https://developer.microsoft.com/json-schemas/fabric/item/report/definition/visualContainer/2.4.0/schema.json",
  "name": "91b72433c392dc0c49c9",
  "position": {
    "x": 449.89094789035158,
    "y": 249.36812540208061,
    "z": 15000,
    "height": 197.95201707175471,
    "width": 249.36812540208061,
    "tabOrder": 15000
  },
  "visual": {
    "visualType": "slicer",
    "query": {
      "queryState": {
        "Values": {
          "projections": [
            {
              "field": {
                "Column": {
                  "Expression": {
                    "SourceRef": {
                      "Entity": "Products"
                    }
                  },
                  "Property": "Category"
                }
              },
              "queryRef": "Products.Category",
              "nativeQueryRef": "Category",
              "active": true
            },
            {
              "field": {
                "Column": {
                  "Expression": {
                    "SourceRef": {
                      "Entity": "Products"
                    }
                  },
                  "Property": "Sub-Category"
                }
              },
              "queryRef": "Products.Sub-Category",
              "nativeQueryRef": "Sub-Category",
              "active": true
            }
          ]
        }
      }
    },
    "expansionStates": [
      {
        "roles": [
          "Values"
        ],
        "levels": [
          {
            "queryRefs": [
              "Products.Category"
            ],
            "isCollapsed": true,
            "identityKeys": [
              {
                "Column": {
                  "Expression": {
                    "SourceRef": {
                      "Entity": "Products"
                    }
                  },
                  "Property": "Category"
                }
              }
            ],
            "isPinned": true
          },
          {
            "queryRefs": [
              "Products.Sub-Category"
            ],
            "isCollapsed": true,
            "isPinned": true
          }
        ],
        "root": {
          "children": [
            {
              "identityValues": [
                {
                  "Literal": {
                    "Value": "'Furniture'"
                  }
                }
              ],
              "isToggled": true
            }
          ]
        }
      }
    ],
    "objects": {
      "data": [
        {
          "properties": {
            "mode": {
              "expr": {
                "Literal": {
                  "Value": "'Basic'"
                }
              }
            }
          }
        }
      ],
      "general": [
        {
          "properties": {}
        }
      ]
    },
    "visualContainerObjects": {
      "border": [
        {
          "properties": {
            "show": {
              "expr": {
                "Literal": {
                  "Value": "true"
                }
              }
            }
          }
        }
      ]
    },
    "drillFilterOtherVisuals": true
  }
}